	BookTitle
0	Animal Farm
1	The Plague
2	All Quiet on the Western Front
3	Crash
4	Children of Dune
5	The Cider House Rules
6	Dracula
7	Don Quixote
8	Dune Messiah
9	The Trial
10	Fahrenheit 451
11	Gaudy Night
12	Gone with the Wind
13	Heart of Darkness
14	Hamlet
15	Heretics of Dune
16	Adventures of Huckleberry Finn
17	Ivanhoe
18	Johnny Got His Gun
19	Icehenge
20	Macbeth
21	Microserfs
22	Neuromancer
23	Cryptonomicon
24	Othello
25	A Scanner Darkly
26	Radio Free Albemuth
27	Pride and Prejudice
28	Pale Fire
29	Romeo and Juliet
30	Ringworld
31	Rendezvous with Rama
32	Sense and Sensibility
33	Starship Troopers
34	Stuart Little
35	The Lord of the Rings
36	The Time Machine
37	The Shining
38	Mort
39	The Hobbit
40	The Great Divorce
41	The Screwtape Letters
42	The Hunt for Red October
43	The Cardinal of the Kremlin
44	Debt of Honor
45	Tunnel in the Sky
46	The Mismeasure of Man
47	The Picture of Dorian Gray
48	The Fountains of Paradise
49	Lord of the Flies
50	Waiting for Godot
51	The Wanderer
52	2010: Odyssey Two
53	Brave New World
54	Aeneid
55	The Invisible Man
56	Northanger Abbey
57	Around the World in Eighty Days
58	The Grapes of Wrath
59	A Streetcar Named Desire
60	Gulliver's Travels
61	The Color Purple
62	A Midsummer Night's Dream
63	The English Patient
64	Captains Courageous
65	The Forge of God
66	Blood Music
67	The World According to Garp
68	The Mothman Prophecies
69	Sixth Column
70	The Puppet Masters
71	The Wind in the Willows
72	Jonathan Livingston Seagull
73	I Am Legend
74	The Stranger
75	Space Cadet
76	Between Planets
77	Starman Jones
78	Podkayne of Mars
79	The Star Beast
80	The Andromeda Strain
81	Down and Out in Paris and London
82	The Transmigration of Timothy Archer
83	Dirk Gently's Holistic Detective Agency
84	Dragonflight
85	The Diamond Age
86	The Hunchback of Notre Dame
87	Alice's Adventures in Wonderland
88	Now Wait for Last Year
89	The Magician's Nephew
90	The Patchwork Girl of Oz
91	Double Star
92	Time for the Stars
93	Citizen of the Galaxy
94	Stranger in a Strange Land
95	Glory Road
96	The Moon Is a Harsh Mistress
97	I Will Fear No Evil
98	The Cat Who Walks Through Walls
99	Life: A User's Manual
100	The Wonderful Wizard of Oz
101	Catch-22
102	Robinson Crusoe
103	King Lear
104	Clear and Present Danger
105	Julius Caesar
106	Emma
107	Charlie and the Chocolate Factory
108	Anne of Green Gables
109	The Crow Road
110	Ender's Game
111	Job: A Comedy of Justice
112	Friday
113	The Caves of Steel
114	Foundation and Earth
115	Time Enough for Love
116	The Rolling Stones
117	The Door into Summer
118	Farnham's Freehold
119	The Treasure of the Sierra Madre
120	Kim
121	Whit
122	Mostly Harmless
123	Native Son
124	A Farewell to Arms
125	Dodsworth
126	Lost Horizon
127	The Red Badge of Courage
128	Goodbye, Mr. Chips
129	Of Mice and Men
130	All's Well That Ends Well
131	The Taming of the Shrew
132	Ishmael
133	David Copperfield
134	Childhood's End
135	The Two Towers
136	The Return of the King
137	The Body
138	The Eyes of the Dragon
139	Riding the Bullet
140	Dolores Claiborne
141	Gerald's Game
142	The Green Mile
143	The Long Walk
144	The Day of the Triffids
145	Antigone
146	Carrie
147	Watership Down
148	Harriet the Spy
149	The Big Sleep
150	The Player of Games
151	Excession
152	Choke
153	A Friend of the Earth
154	The Weirdstone of Brisingamen
155	The Human Stain
156	Picnic at Hanging Rock
157	Smith of Wootton Major
158	England, England
159	Dune
160	Feersum Endjinn
161	Uncle Tom's Cabin
162	The Beach
163	Murder Must Advertise
164	To Kill a Mockingbird
165	A Christmas Carol
166	About a Boy
167	Sick Puppy
168	The Great Gatsby
169	For Whom the Bell Tolls
170	Good Omens
171	Coraline
172	Interview with the Vampire
173	Tartarin de Tarascon
174	Finnegans Wake
175	The Virgin Suicides
176	What Makes Sammy Run?
177	The Razor's Edge
178	King Solomon's Mines
179	Cat's Cradle
180	Excellent Women
181	Murder in the Cathedral
182	The Legend of Sleepy Hollow
183	The Winter's Tale
184	Dead Air
185	The Exorcist
186	A Severed Head
187	The Road to Mars
188	Regeneration
189	House of Leaves
190	Restoree
191	Cat on a Hot Tin Roof
192	Elmer Gantry
193	Sons and Lovers
194	Nemesis
195	Island of the Sequined Love Nun
196	The Lust Lizard of Melancholy Cove
197	Quartet in Autumn
198	Some Tame Gazelle
199	On Golden Pond
200	Alas, Babylon
201	Sister Carrie
202	The Accidental Tourist
203	Lamb: The Gospel According to Biff, Christ's Childhood Pal
204	The Remains of the Day
205	The Long Dark Tea-Time of the Soul
206	Damage
207	Imperial Earth
208	Chocolat
209	The Ghost Road
210	Rosemary's Baby
211	This Perfect Day
212	The Boys from Brazil
213	Sliver
214	The Tale of Genji
215	Where Angels Fear to Tread
216	Shame
217	The Vampire Lestat
218	The Tale of the Body Thief
219	War and Peace
220	On the Beach
221	The Crying of Lot 49
222	Jack of Shadows
223	Clouds of Witness
224	Unnatural Death
225	The Unpleasantness at the Bellona Club
226	Strong Poison
227	Five Red Herrings
228	Have His Carcase
229	Busman's Honeymoon
230	Whipping Star
231	The Dosadi Experiment
232	Vurt
233	Fast Food Nation: The Dark Side of the All-American Meal
234	Anna Karenina
235	High Fidelity
236	Dreamcatcher
237	Foucault's Pendulum
238	Oliver Twist
239	East of Eden
240	The Old Man and the Sea
241	The Children of Men
242	The Heart Is a Lonely Hunter
243	The Postman
244	The Phantom of the Opera
245	Murder on the Orient Express
246	Harry Potter and the Chamber of Secrets
247	American Psycho
248	Kalimantaan
249	Creatures of Light and Darkness
250	The Handmaid's Tale
251	My Left Foot
252	Barchester Towers
253	East Wind: West Wind
254	Treasure Island
255	Steppenwolf
256	Goldfinger
257	Ironweed
258	Girl, Interrupted
259	Small Gods
260	Moonraker
261	Sophie's Choice
262	The White Plague
263	The Pilgrim's Progress
264	The Santaroga Barrier
265	Piers Plowman
266	Red Storm Rising
267	Lady Chatterley's Lover
268	Richard III
269	The Man Who Fell to Earth
270	The Phantom Tollbooth
271	The Hundred and One Dalmatians
272	A Philosophical Investigation
273	The Tortilla Curtain
274	Love in a Cold Climate
275	The Fountainhead
276	Contact
277	American Gods
278	Stardust
279	World on Fire: How Exporting Free Market Democracy Breeds Ethnic Hatred and Global Instability
280	The Sword in the Stone
281	Children of the Mind
282	The Silver Chalice
283	The Catcher in the Rye
284	The Name of the Rose
285	The Member of the Wedding
286	V.
287	Shogun: A Novel of Japan
288	Goodnight Moon
289	Lysistrata
290	Ecotopia
291	Life, the Universe and Everything
292	The Adventures of Tom Sawyer
293	Pebble in the Sky
294	Ender's Shadow
295	Cards on the Table
296	The Gambler
297	The Crucible
298	The Bell Jar
299	Jude the Obscure
300	Democracy in America
301	The Giver
302	Sourcery
303	It Can't Happen Here
304	The Restaurant at the End of the Universe
305	The Rebel Angels
306	Heidi
307	The Velveteen Rabbit
308	Executive Orders
309	Absalom, Absalom!
310	Brideshead Revisited
311	The Collector
312	Planet of the Apes
313	The Three Musketeers
314	The Prime of Miss Jean Brodie
315	Death in the Clouds
316	The Mysterious Affair at Styles
317	Mrs Dalloway
318	Sleeping Murder
319	Joseph Andrews
320	Travels with My Aunt
321	The Lover
322	Roadmarks
323	Lord of Light
324	The BFG
325	The Tommyknockers
326	Trainspotting
327	Laughing Gas
328	Anthem
329	We
330	Without Remorse
331	Cujo
332	Lonesome Dove
333	The British Museum Is Falling Down
334	The Turn of the Screw
335	The French Lieutenant's Woman
336	Fantastic Beasts and Where to Find Them
337	My Family and Other Animals
338	Prince Caspian
339	The Lion, the Witch and the Wardrobe
340	The Murder of Roger Ackroyd
341	The A.B.C. Murders
342	Oscar and Lucinda
343	From the Earth to the Moon
344	Forever Amber
345	Ethan of Athos
346	The Blind Assassin
347	Who Moved My Cheese? An Amazing Way to Deal with Change in Your Work and in Your Life
348	Lord Edgware Dies
349	The Mirror Crack'd from Side to Side
350	The Hotel New Hampshire
351	The Bridge
352	Dhalgren
353	Harry Potter and the Prisoner of Azkaban
354	Cold Comfort Farm
355	Gravity's Rainbow
356	The Day of the Jackal
357	Harry Potter and the Goblet of Fire
358	A Tenured Professor
359	Nice Work
360	The Little Engine That Could
361	Naked Lunch
362	Pattern Recognition
363	The Chrysalids
364	Blood of Amber
365	Porno
366	It
367	The Amazing Maurice and His Educated Rodents
368	Permutation City
369	Quidditch Through the Ages
370	Strata
371	The Dark Side of the Sun
372	Bluebeard
373	Thunderball
374	The Scarlet Letter
375	Live from Death Row
376	Hideous Kinky
377	You Only Live Twice
378	Walden
379	Diaspora
380	Schild's Ladder
381	Murder on the Links
382	The Years of Rice and Salt
383	The Fourth Protocol
384	The Gods Themselves
385	Charlotte's Web
386	Howl's Moving Castle
387	Breakfast of Champions
388	Mother Night
389	Rainbow Six
390	Jasmine
391	Far from the Madding Crowd
392	Vineland
393	Empire of the Sun
394	Maurice
395	The Ice Storm
396	The Forever War
397	Robots and Empire
398	Second Foundation
399	Girlfriend in a Coma
400	The Sparrow
401	Red Rabbit
402	Family Matters
403	Babbitt
404	Amerika
405	The Farthest Shore
406	The Quiet American
407	An American Tragedy
408	Christine
409	Nova Express
410	As I Lay Dying
411	The God of Small Things
412	The Comedy of Errors
413	The Other Wind
414	The Colour of Magic
415	Children of the Atom
416	Siddhartha
417	Guards! Guards!
418	Pyramids
419	The Master and Margarita
420	The Lords of Discipline
421	Out of the Silent Planet
422	Eric
423	The Sirens of Titan
424	Mila 18
425	Freaky Friday
426	How Few Remain
427	Teranesia
428	On the Road
429	Vile Bodies
430	Roma Eterna
431	The Robber Bride
432	The Day of the Locust
433	The Egg and I
434	Persuasion
435	Rubyfruit Jungle
436	Fallen Dragon
437	The Plague Dogs
438	Moll Flanders
439	Skellig
440	The Road to Oz
441	The Last Battle
442	A Clergyman's Daughter
443	Player Piano
444	The Loved One
445	A Town Like Alice
446	We the Living
447	The Call of the Wild
448	The Soft Machine
449	Caddie Woodlawn
450	The Sun Also Rises
451	The First Circle
452	Singularity Sky
453	The Perfect Storm
454	The Marvelous Land of Oz
455	Ozma of Oz
456	Prey
457	The Tin Woodman of Oz
458	Rocannon's World
459	Always Coming Home
460	The Last of the Mohicans
461	Forward the Foundation
462	Tik-Tok of Oz
463	The Scarecrow of Oz
464	Timequake
465	The Neverending Story
466	The Chosen
467	Rinkitink in Oz
468	The Lost Princess of Oz
469	The Time Ships
470	Evolution
471	Black Beauty
472	The Thorn Birds
473	The Magic of Oz
474	Charlie and the Great Glass Elevator
475	Moving Pictures
476	Walk Two Moons
477	Main Street
478	Misery
479	The Monk
480	American Tabloid
481	Fifth Business
482	Black Boy
483	The City and the Pillar
484	One Day in the Life of Ivan Denisovich
485	The Black Dahlia
486	Invisible Man
487	The Bourne Identity
488	Alaska
489	Lullaby
490	Lucky Jim
491	A Connecticut Yankee in King Arthur's Court
492	The Glass Menagerie
493	Absolution Gap
494	The Secret Garden
495	The Sea, the Sea
496	Trinity
497	The Discovery of Heaven
498	A Prayer for Owen Meany
499	This Present Darkness
500	Get Shorty
501	The Naked Sun
502	A Simple Plan
503	Farewell, My Lovely
504	The Once and Future King
505	Relic
506	Life of Pi
507	The Robots of Dawn
508	Peril at End House
509	The Horse and His Boy
510	The Mists of Avalon
511	The Book of Merlyn
512	Martin Eden
513	At Swim-Two-Birds
514	The Pickwick Papers
515	Quarantine
516	The Silver Chair
517	Geek Love
518	City of Illusions
519	Malafrena
520	The Mosquito Coast
521	The Awakening
522	The Blithedale Romance
523	Under the Net
524	Things Fall Apart
525	Moneyball: The Art of Winning an Unfair Game
526	Billy Budd
527	Bleak House
528	Tourist Season
529	Tigana
530	The Red and the Black
531	The Stepford Wives
532	Encounter With Tiber
533	The Swiss Family Robinson
534	The Master of Go
535	To a God Unknown
536	Mystic River
537	The Monkey Wrench Gang
538	Swag
539	Camp Concentration
540	Touching the Void
541	Matilda
542	The Positronic Man
543	No Highway
544	Isaac Asimov's Caliban
545	Isaac Asimov's Inferno
546	Lost in a Good Book
547	The Glass Bead Game
548	The Hitchhiker's Guide to the Galaxy
549	The Satanic Verses
550	Galactic Pot-Healer
551	American Pastoral
552	Piercing the Darkness
553	Galilee
554	The Hellbound Heart
555	Five Children and It
556	Scaramouche: A Romance of the French Revolution
557	Them
558	2061: Odyssey Three
559	3001: The Final Odyssey
560	Maskerade
561	Shade's Children
562	The Bonfire of the Vanities
563	On My Way to Paradise
564	Ice Station Zebra
565	The Owl Service
566	Baudolino
567	The Ugly Little Boy
568	A Walk in the Woods: Rediscovering America on the Appalachian Trail
569	In the Country of Last Things
570	The Path to the Nest of Spiders
571	Down and Out in the Magic Kingdom
572	I Never Promised You a Rose Garden
573	The Sum of All Fears
574	He, She and It
575	The Integral Trees
576	The Age of Innocence
577	With Fire and Sword
578	The Tao of Pooh
579	Riddley Walker
580	N or M?
581	The Seven Dials Mystery
582	Travesties
583	Pet Sematary
584	Firestarter
585	The Regulators
586	Oryx and Crake
587	Temple
588	The Man Who Folded Himself
589	Invisible Monsters
590	Speak
591	The Secret of Chimneys
592	The Pelican Brief
593	Unweaving the Rainbow: Science, Delusion and the Appetite for Wonder
594	In the Skin of a Lion
595	Interesting Times
596	1876
597	Reaper Man
598	Men at Arms
599	Hogfather
600	Thief of Time
601	Code of the Lifemaker
602	A Wrinkle in Time
603	The Outsiders
604	The Power and the Glory
605	The End of the Affair
606	Master Harold...and the Boys
607	The Idiot
608	Telempath
609	Tell Me Your Dreams
610	The Doomsday Conspiracy
611	Altered Carbon
612	Death on the Nile
613	Palestine
614	Like a Velvet Glove Cast in Iron
615	Moon Palace
616	The Vagina Monologues
617	Bridge of Birds
618	Angels and Demons
619	Windmills of the Gods
620	Bill, the Galactic Hero
621	Decline and Fall
622	Ethan Frome
623	White Oleander
624	Macroscope
625	Lanark: A Life in Four Books
626	The Stars My Destination
627	Titan
628	The Rules of Attraction
629	The City and the Stars
630	The Portrait of a Lady
631	The Edible Woman
632	Congo
633	Looking Backward
634	Witches Abroad
635	Lords and Ladies
636	Old Yeller
637	The Last Book in the Universe
638	Eight Skilled Gentlemen
639	God Bless You, Dr. Kevorkian
640	Elidor
641	Freak the Mighty
642	Darkness at Noon
643	A Handful of Dust
644	Never Cry Wolf
645	The Mauritius Command
646	A Hat Full of Sky
647	The Surgeon's Mate
648	According to Mary Magdalene
649	Insomnia
650	Fallen Angels
651	The Music of Chance
652	The Anubis Gates
653	The Bone People
654	The Witches
655	The Nutmeg of Consolation
656	Momo
657	Many Waters
658	The Drifters
659	The Cay
660	Franny and Zooey
661	The Fortune of War
662	The Reverse of the Medal
663	The Letter of Marque
664	Blue at the Mizzen
665	The Commodore
666	The Wine-Dark Sea
667	The Book of Skulls
668	The Road to Wellville
669	A Separate Peace
670	Earthlight
671	A Fall of Moondust
672	Our Mutual Friend
673	Earth
674	The Borrowers
675	The Neon Bible
676	The Moon Is Down
677	The Eagle Has Landed
678	Night Watch
679	The Bonesetter's Daughter
680	Less Than Zero
681	That Was Then, This Is Now
682	From a Buick 8
683	Three Men in a Boat
684	The Te of Piglet
685	The Jesus Incident
686	Billy Bathgate
687	The Joy Luck Club
688	Redemption Ark
689	White Fang
690	Where Late the Sweet Birds Sang
691	Anglo-Saxon Attitudes
692	Forever Free
693	Another Roadside Attraction
694	The Notebook
695	Millennium
696	Women in Love
697	Journey to the Center of the Earth
698	The Redemption of Althalus
699	Brazzaville Beach
700	The Indian in the Cupboard
701	Area 7
702	Callahan's Crosstime Saloon
703	The Witches of Eastwick
704	Faerie Tale
705	Abhorsen
706	Right Ho, Jeeves
707	Green Darkness
708	Demian
709	Leaven of Malice
710	Hawaii
711	The Intuitionist
712	The Giving Tree
713	The House at Pooh Corner
714	Queen of Angels
715	The Street Lawyer
716	The Runaway Jury
717	Polgara the Sorceress
718	Distress
719	Once Were Warriors
720	Eye of the Needle
721	Raptor Red
722	Martin Chuzzlewit
723	The Fall of Hyperion
724	Hornet Flight
725	Skinny Dip
726	Dragonsong
727	Postcards from the Edge
728	The Chronoliths
729	Alphabet of Thorn
730	And the Ass Saw the Angel
731	Music for Chameleons
732	Zuleika Dobson
733	To the Lighthouse
734	Friday the Rabbi Slept Late
735	Timescape
736	Abarat
737	Wonderful Life: The Burgess Shale and the Nature of History
738	You Shall Know Our Velocity
739	The Elfstones of Shannara
740	The Mysterious Island
741	The Wishsong of Shannara
742	First King of Shannara
743	Time Stops for No Mouse
744	Barnaby Rudge
745	Ancient Shores
746	The Big Four
747	The Worm Ouroboros
748	Rising Sun
749	Glory Season
750	The Lathe of Heaven
751	The Lost World
752	Alexander's Bridge
753	The Life and Loves of a She-Devil
754	The King of Torts
755	The Wings of the Dove
756	The Golden Bowl
757	Go Tell It on the Mountain
758	The Secret Agent
759	Wasp
760	Amusing Ourselves to Death: Public Discourse in the Age of Show Business
761	Hard Times
762	The Leopard
763	The Dalkey Archive
764	Brighton Rock
765	The Bear and the Dragon
766	The 158-Pound Marriage
767	Red Shift
768	Tropic of Cancer
769	The Moviegoer
770	Of Human Bondage
771	Scoop
772	The Ginger Man
773	The Magus
774	Tobacco Road
775	Ragtime
776	The Journey of Ibn Fattouma
777	The Dark Half
778	Sandman: The Dream Hunters
779	The Tale of Peter Rabbit
780	Cocaine Nights
781	Concrete Island
782	The Summons
783	Needful Things
784	The Stingray Shuffle
785	La Celestina
786	Kate Vaiden
787	Love You Forever
788	Island of the Blue Dolphins
789	Kiln People
790	The Poisonwood Bible
791	Angle of Repose
792	The Death of the Heart
793	The House of Mirth
794	Lilith
795	A Grief Observed
796	Triggerfish Twist
797	Middlesex
798	The Autobiography of Alice B. Toklas
799	The Curious Incident of the Dog in the Night-time
800	Ella Enchanted
801	James and the Giant Peach
802	Sphere
803	Revelation Space
804	Chasm City
805	Diary
806	Going After Cacciato
807	Memoirs of a Geisha
808	The Bourne Supremacy
809	City
810	The Royal Book of Oz
811	The Other Side of Midnight
812	The Water-Method Man
813	Sanditon
814	Lady Susan
815	The Godmakers
816	Orlando: A Biography
817	Shardik
818	'Tis: A Memoir
819	Patriot Games
820	Changing Places
821	Beneath the Wheel
822	Young Goodman Brown
823	The Partner
824	Skipping Christmas
825	Fevre Dream
826	The Firm
827	A Fine Balance
828	Tipping the Velvet
829	The Leaky Establishment
830	Digital Fortress
831	Slow River
832	The Shoes of the Fisherman
833	Over Sea, Under Stone
834	Earth Abides
835	Lucifer's Hammer
836	In Death Ground
837	The Shiva Option
838	Holes
839	The Pillars of Creation
840	Pollyanna
841	Magician
842	The Cruel Sea
843	My Ishmael
844	Dandelion Wine
845	Generation Warriors
846	The Chocolate War
847	The Polar Express
848	Bless Me, Ultima
849	Titan
850	The Return of the Native
851	Riders of the Purple Sage
852	Dragondrums
853	Idoru
854	Airframe
855	Sputnik Sweetheart
856	My Friend Flicka
857	The Soul of a New Machine
858	Ringworld's Children
859	Imajica
860	Coldheart Canyon
861	Deception Point
862	Ammonite
863	Fungus the Bogeyman
864	Up the Down Staircase
865	Coma
866	A Princess of Mars
867	Faceless Killers: A Mystery
868	Earthly Powers
869	Hotel
870	A Man in Full
871	The Last Don
872	Count Karlstein
873	The Third Policeman
874	West of Eden
875	On a Pale Horse
876	The Stars Shine Down
877	Mrs. Frisby and the Rats of NIMH
878	Travels With Charley: In Search of America
879	The Sigma Protocol
880	Strandloper
881	The Smoke Ring
882	A Wind in the Door
883	The Last Juror
884	Harpist in the Wind
885	Schismatrix
886	The Great American Novel
887	The Celestine Prophecy
888	Castaways of the Flying Dutchman
889	Rose Madder
890	Eaters of the Dead
891	The Lyre of Orpheus
892	The Clan of the Cave Bear
893	Song of Solomon
894	White Teeth
895	My Uncle Oswald
896	The Magic Finger
897	The Twits
898	George's Marvelous Medicine
899	The Giraffe and the Pelly and Me
900	Esio Trot
901	The Vicar of Nibbleswicke
902	For Love of the Game
903	The Lions of Al-Rassan
904	An Unsuitable Job for a Woman
905	Scorpius
906	Into the Wild
907	The True Believer: Thoughts on the Nature of Mass Movements
908	Voyage from Yesteryear
909	How Far Can You Go?
910	Horton Hatches the Egg
911	Moonseed
912	Odd Thomas
913	The Teeth of the Tiger
914	Fantastic Voyage II: Destination Brain
915	Cycle of the Werewolf
916	The Dream-Quest of Unknown Kadath
917	The Man Who Planted Trees
918	Black House
919	Monsignor Quixote
920	The Ghost Writer
921	The Basic Eight
922	Birdsong
923	A Little Princess
924	True History of the Kelly Gang
925	Night of January 16th
926	The Elementary Particles
927	The Man Who Japed
928	Warchild
929	Lucky Wander Boy
930	Snow Country
931	The Black Cauldron
932	Whirlwind
933	Not a Penny More, Not a Penny Less
934	The Natural
935	A Patchwork Planet
936	The Fist of God
937	The Pillars of the Earth
938	The House of the Spirits
939	Mirette on the High Wire
940	The Five People You Meet in Heaven
941	King Rat
942	The Winter of Our Discontent
943	Enchantment
944	Pandora
945	The Feminine Mystique
946	I Know Why the Caged Bird Sings
947	Hatchet
948	Armor
949	The Brethren
950	Up From Slavery
951	Iron Sunrise
952	The Terminal Man
953	Wise Children
954	Wicked: The Life and Times of the Wicked Witch of the West
955	Hocus Pocus
956	Deadeye Dick
957	Zero Minus Ten
958	Phantastes
959	Rich Man, Poor Man
960	Dinosaur Planet
961	Rebecca
962	Drawing Down the Moon: Witches, Druids, Goddess-Worshippers, and Other Pagans in America Today
963	Daisy Miller
964	Idlewild
965	Beautiful Losers
966	Sula
967	Beloved
968	Haroun and the Sea of Stories
969	For Special Services
970	Icebreaker
971	No Deals, Mr. Bond
972	The Man from Barbarossa
973	Doubleshot
974	Crusade in Jeans
975	A is for Alibi
976	Eastern Standard Tribe
977	The Golem
978	Timeline
979	Danse Macabre
980	Practical Demonkeeping
981	Where the Red Fern Grows
982	Tortilla Flat
983	Ghostwritten
984	Puerto Vallarta Squeeze
985	Watch Your Mouth
986	Something Wicked This Way Comes
987	The Eyes of Heisenberg
988	Popcorn
989	Doomsday Book
990	This Sweet Sickness
991	The Green Brain
992	True Women
993	Fences
994	Up at the Villa
995	A Night in the Lonesome October
996	Mao II
997	All American Girl
998	The Great and Secret Show
999	Weaveworld
1000	Balzac and the Little Chinese Seamstress
1001	Brimstone
1002	Ellen Foster
1003	The Folding Star
1004	The Mysteries of Pittsburgh
1005	Backwards
1006	Orange Crush
1007	Mutation
1008	Cat's Eye
1009	Neutron Star
1010	Amsterdam
1011	Vampire$
1012	The Song of the Lark
1013	A Kingdom of Dreams
1014	The Naked Face
1015	To Say Nothing of the Dog
1016	The Bean Trees
1017	The Mediterranean Caper
1018	Timelike Infinity
1019	The Kite Runner
1020	The Sands of Time
1021	Rage of Angels
1022	The Matarese Circle
1023	Household Gods
1024	Camouflage
1025	Exit to Eden
1026	The First Man in Rome
1027	Bodily Harm
1028	Lady Oracle
1029	One for the Morning Glory
1030	Stations of the Tide
1031	The Blank Slate: The Modern Denial of Human Nature
1032	Tom Sawyer Abroad
1033	War for the Oaks
1034	The Garden of Eden
1035	Marabou Stork Nightmares
1036	Darwinia
1037	Journey to the East
1038	Narcissus and Goldmund
1039	The Winds of War
1040	The Wind-Up Bird Chronicle
1041	Maia
1042	True at First Light
1043	Airport
1044	Jitterbug Perfume
1045	Kitchen
1046	Peter Camenzind
1047	The High King
1048	Gathering Blue
1049	Messenger
1050	Veronika Decides to Die
1051	The Songlines
1052	The Prometheus Deception
1053	Anne of Avonlea
1054	Anne of the Island
1055	Anne's House of Dreams
1056	Anne of Windy Poplars
1057	The Napoleon of Notting Hill
1058	The Butter Battle Book
1059	Nova
1060	The Stones Are Hatching
1061	Interstellar Pig
1062	Along Came a Spider
1063	Les Enfants Terribles
1064	The Alienist
1065	Giovanni's Room
1066	Tower of Glass
1067	Callahan's Lady
1068	Hornblower and the Hotspur
1069	The Pigman
1070	Inkheart
1071	Death Is a Lonely Business
1072	Because of Winn-Dixie
1073	In Desert and Wilderness
1074	Nuns and Soldiers
1075	Firewing
1076	Splinter of the Mind's Eye
1077	The Very Hungry Caterpillar
1078	Terminal
1079	Seize the Day
1080	Summer Sisters
1081	War and Remembrance
1082	Damnation Alley
1083	Curtain
1084	A Widow for One Year
1085	The Canterville Ghost
1086	Love! Valour! Compassion!
1087	Isle of the Dead
1088	The Secret Life of Plants
1089	Playback
1090	White Light
1091	The House of the Scorpion
1092	The Lake House
1093	The Children's Story
1094	The Wish List
1095	The Supernaturalist
1096	Intimacy
1097	The Sisterhood of the Traveling Pants
1098	The Lost Years of Merlin
1099	The Book of Laughter and Forgetting
1100	Bitten
1101	The Rule of Four
1102	The Fan Club
1103	Archangel
1104	The Sound of Waves
1105	Death and the King's Horseman
1106	At Bertram's Hotel
1107	The Fallon Blood
1108	Hell House
1109	Anil's Ghost
1110	Heart of a Dog
1111	The Holcroft Covenant
1112	Protector
1113	2001: A Space Odyssey
1114	The Peshawar Lancers
1115	Firefox
1116	A Swiftly Tilting Planet
1117	Hyperion
1118	The Secret History
1119	The Family
1120	Tailchaser's Song
1121	The Ascension Factor
1122	Bend Sinister
1123	Way Station
1124	The Moving Finger
1125	The Testament
1126	A Painted House
1127	Surfacing
1128	The Mad Man
1129	Sons of Fortune
1130	Possession: A Romance
1131	The King Must Die
1132	A Yellow Raft in Blue Water
1133	Katherine
1134	The Mystery of the Blue Train
1135	Mortal Fear
1136	The Angel of Darkness
1137	Songmaster
1138	Cabal
1139	Priestess of Avalon
1140	Lady of Avalon
1141	My Name Is Asher Lev
1142	The Forest House
1143	Make Room! Make Room!
1144	Country of the Blind
1145	The Confessions of Nat Turner
1146	Another Country
1147	Humboldt's Gift
1148	Pigs in Heaven
1149	Antarctica
1150	Tandia
1151	The Prodigal Daughter
1152	A Death in the Family
1153	Kane and Abel
1154	Contest
1155	The Hot Zone
1156	Islands in the Net
1157	Z for Zachariah
1158	The Thirteen-Gun Salute
1159	Jack Faust
1160	Number the Stars
1161	The Duplicate
1162	Solomon Gursky Was Here
1163	Sugar Blues
1164	Scarecrow
1165	Anvil of Stars
1166	The Bluest Eye
1167	The Valley of Horses
1168	Tiger Eyes
1169	Knowledge of Angels
1170	The Plains of Passage
1171	The Great Train Robbery
1172	Cold Sassy Tree
1173	Shiloh
1174	We All Fall Down
1175	The Glass Lake
1176	The Voyages of Doctor Dolittle
1177	Moon Tiger
1178	Snow Falling on Cedars
1179	Rocket Boys
1180	The Well of Loneliness
1181	Dead Man's Folly
1182	The Far Pavilions
1183	Katherine
1184	Mission of Gravity
1185	Archangel
1186	The Terminal Experiment
1187	The Three-Arched Bridge
1188	The War of the Flowers
1189	The Snow Queen
1190	The Trumpet of the Swan
1191	Invitation to the Game
1192	The Source of Magic
1193	Castle Roogna
1194	Atonement
1195	Foreign Affairs
1196	Rabbit Is Rich
1197	House Made of Dawn
1198	A Maggot
1199	Bag of Bones
1200	London Fields
1201	The Call of Earth
1202	The Talisman
1203	The Good Apprentice
1204	A Thousand Acres
1205	Ham on Rye
1206	Drowned Ammet
1207	Silverthorn
1208	The Island of the Day Before
1209	Dying Inside
1210	Breathing Lessons
1211	Kushiel's Dart
1212	The Gun Seller
1213	The Eagle of the Ninth
1214	American Empire: Blood and Iron
1215	Dirty White Boys
1216	The Seven Storey Mountain
1217	Bloom
1218	The Haunting of Hill House
1219	The Curse of Chalion
1220	Basket Case
1221	Bloodsucking Fiends
1222	Tietam Brown
1223	Death of a Red Heroine
1224	Pastwatch: The Redemption of Christopher Columbus
1225	The Weight of Water
1226	Flaubert's Parrot
1227	Lucky
1228	Disclosure
1229	Filth
1230	Molly Moon's Incredible Book of Hypnotism
1231	The Time Traveler's Wife
1232	Raise the Titanic
1233	A Bright Shining Lie: John Paul Vann and America in Vietnam
1234	Tom's Midnight Garden
1235	Superfudge
1236	Tales of a Fourth Grade Nothing
1237	The Color of Water: A Black Man's Tribute to His White Mother
1238	The Enormous Crocodile
1239	What Is History?
1240	Oh, the Places You'll Go!
1241	Gridlock
1242	The Murder at the Vicarage
1243	The Reader
1244	Outbreak
1245	Animal Dreams
1246	Complicity
1247	Princess Daisy
1248	Fantastic Mr. Fox
1249	Streets of Laredo
1250	Dead Man's Walk
1251	A Ring of Endless Light
1252	Elephants Can Remember
1253	The Birthday Boys
1254	The Fifth Sacred Thing
1255	The Gate to Women's Country
1256	The Price of Salt
1257	Aliens Ate My Homework
1258	Voyage
1259	Rebecca's Tale
1260	Rascal
1261	Space
1262	Little Altars Everywhere
1263	Debt of Bones
1264	Divine Secrets of the Ya-Ya Sisterhood
1265	The Fourth Hand
1266	Fire and Hemlock
1267	My Education: A Book of Dreams
1268	Bliss
1269	Hammerhead Ranch Motel
1270	Dragon and Phoenix
1271	The Perks of Being a Wallflower
1272	Fire on the Mountain
1273	Still Life with Woodpecker
1274	Hinds' Feet on High Places
1275	Anna of Byzantium
1276	The Sittaford Mystery
1277	Harlot's Ghost
1278	31 Songs
1279	The Chancellor Manuscript
1280	Eater
1281	Appointment with Death
1282	Firefox Down
1283	Mindstar Rising
1284	Titus Groan
1285	Zodiac
1286	The Deep End of the Ocean
1287	Ralph S. Mouse
1288	Lasher
1289	A Star Called Henry
1290	The Secret Life of Bees
1291	The Temple of the Golden Pavilion
1292	The Butcher Boy
1293	Why Didn't They Ask Evans?
1294	Murder in Mesopotamia
1295	Hercule Poirot's Christmas
1296	Running with Scissors
1297	Thidwick the Big-Hearted Moose
1298	At Swim, Two Boys
1299	Annie on My Mind
1300	The Body in the Library
1301	Sparkling Cyanide
1302	Parker Pyne Investigates
1303	The Rising
1304	Servant of the Bones
1305	The Enchanted Wood
1306	Eye of Cat
1307	Doorways in the Sand
1308	Arrow's Fall
1309	Becoming Madame Mao
1310	Revolutionary Road
1311	Ring
1312	The Covenant
1313	Killshot
1314	They Came to Baghdad
1315	Hickory Dickory Dock
1316	China Mountain Zhang
1317	The Persian Boy
1318	Ordeal by Innocence
1319	The Pale Horse
1320	The Clocks
1321	A Caribbean Mystery
1322	Third Girl
1323	Endless Night
1324	Passenger to Frankfurt
1325	Nemesis
1326	Postern of Fate
1327	The Boat of a Million Years
1328	Headhunter
1329	By the Pricking of My Thumbs
1330	The Icarus Agenda
1331	The Mouse and the Motorcycle
1332	Weetzie Bat
1333	I Am David
1334	Cry to Heaven
1335	Bellwether
1336	The Buddha of Suburbia
1337	An Instance of the Fingerpost
1338	Doctors
1339	Strider
1340	The Namesake
1341	The Human Factor
1342	Absent in the Spring
1343	Partners in Crime
1344	Ring
1345	The Sheep Look Up
1346	Lucky You
1347	The Magic Pudding
1348	City of Night
1349	Beach Music
1350	The Hours
1351	The Hero and the Crown
1352	The Liar
1353	Women
1354	Neanderthal
1355	Wilt
1356	The Italian
1357	Rabbit, Run
1358	Annie John
1359	Housekeeping
1360	A World Out of Time
1361	The Story of B
1362	All Tomorrow's Parties
1363	Strip Tease
1364	Austerlitz
1365	Illywhacker
1366	The Descent of Anansi
1367	Lotte in Weimar: The Beloved Returns
1368	When the Wind Blows
1369	The Magic Toyshop
1370	Solar Lottery
1371	Little Fuzzy
1372	Heir of Sea and Fire
1373	More Than Human
1374	Birds of Prey
1375	Phantom
1376	The Ticket That Exploded
1377	The Red Pony
1378	Message in a Bottle
1379	One Flew Over the Cuckoo's Nest
1380	The Trigger
1381	The Prestige
1382	The Odessa File
1383	Time's Arrow
1384	The Halloween Tree
1385	Julie of the Wolves
1386	The Runaway in Oz
1387	Winston's War
1388	A Stranger in the Mirror
1389	Blott on the Landscape
1390	Green Shadows, White Whale
1391	Detective
1392	I Heard the Owl Call My Name
1393	Setting Free the Bears
1394	Maestro
1395	Rum Punch
1396	The Crystal Cave
1397	By the River Piedra I Sat Down and Wept
1398	The Pilgrimage
1399	Heat and Dust
1400	Rebecca of Sunnybrook Farm
1401	The Time of the Ghost
1402	A Tale of Time City
1403	Bud, Not Buddy
1404	Carry On, Mr. Bowditch
1405	No Longer at Ease
1406	From the Mixed-Up Files of Mrs. Basil E. Frankweiler
1407	Jacob Have I Loved
1408	The Golden Globe
1409	A Kiss Before Dying
1410	A Case of Need
1411	I'm Not Who You Think I Am
1412	Reaper
1413	The Rainmaker
1414	In the Lake of the Woods
1415	The Witch of Blackbird Pond
1416	Mr. Palomar
1417	Coin Locker Babies
1418	So Big
1419	The Boggart
1420	The Light in the Forest
1421	Ape and Essence
1422	Marjorie Morningstar
1423	Such a Long Journey
1424	The Sky is Falling
1425	Bloodline
1426	If Tomorrow Comes
1427	The Best Laid Plans
1428	Master of the Game
1429	Passage
1430	Wife
1431	Ghost Warrior
1432	Tithe : A Modern Faerie Tale
1433	The Hollow Hills
1434	Light a Distant Fire
1435	The Valkyries
1436	Unnatural Causes
1437	A Winter Haunting
1438	The Devil's Alternative
1439	Candy
1440	The Fourth K
1441	The Brothers Lionheart
1442	Prizes
1443	Regency Buck
1444	Friday's Child
1445	Memories of Midnight
1446	The Quiet Game
1447	The Perilous Road
1448	Hannibal's Children
1449	The Wheel on the School
1450	Doctor Sax
1451	City of Pearl
1452	Dinner at the Homesick Restaurant
1453	Thornyhold
1454	A Wild Sheep Chase
1455	The Ringworld Engineers
1456	The Ringworld Throne
1457	Strawberry Girl
1458	Picture This
1459	Claudine at School
1460	Little Boy Blue
1461	Moscow 2042
1462	Ghost Rider: Travels on the Healing Road
1463	Polar Star
1464	Red Square
1465	The Bay of Love and Sorrows
1466	In the Presence of Mine Enemies
1467	Sweet Thursday
1468	O Pioneers!
1469	The Hammer of God
1470	A Year Down Yonder
1471	Maniac Magee
1472	Dragoncharm
1473	Spiral
1474	Indian Ink
1475	The Parsifal Mosaic
1476	Man, Woman and Child
1477	The Mysteries of Harris Burdick
1478	The 48 Laws of Power
1479	Double Fudge
1480	April Morning
1481	Insect Dreams: The Half Life of Gregor Samsa
1482	The White Bone
1483	Black Sunday
1484	The First Man
1485	Locus Solus
1486	The Hippopotamus
1487	Cal
1488	Between the Rivers
1489	The Pickup
1490	Stormy Weather
1491	Fitzpatrick's War
1492	The Master of Ballantrae
1493	Confessions of an Ugly Stepsister
1494	The Named
1495	The Lake
1496	Mystery Mile
1497	Breath, Eyes, Memory
1498	Rifles for Watie
1499	Three Junes
1500	The Telling
1501	Daniel Martin
1502	Iceberg
1503	Bee Season: A Novel
1504	The Revelation
1505	The Scorpio Illusion
1506	Captain Underpants and the Invasion of the Incredibly Naughty Cafeteria Ladies from Outer Space
1507	Captain Underpants and the Wrath of the Wicked Wedgie Woman
1508	Galax-Arena
1509	Outlander
1510	Zia
1511	The Incredible Journey
1512	I Capture the Castle
1513	Trojan Odyssey
1514	Summerland
1515	The Beast Within
1516	Herland
1517	Call It Sleep
1518	The Merlin Conspiracy
1519	The Apocalypse Watch
1520	The Janson Directive
1521	When We Were Orphans
1522	Direct Descent
1523	The Aquitaine Progression
1524	Malevil
1525	Arch of Triumph
1526	In His Steps
1527	The Big Nowhere
1528	Julian
1529	Eye in the Sky
1530	Double Image
1531	It's Not the End of the World
1532	The Life and Adventures of Santa Claus
1533	Maggie: A Girl of the Streets
1534	A Stranger Is Watching
1535	Tea from an Empty Cup
1536	Rabbit Redux
1537	High Society
1538	Santorini
1539	All Families Are Psychotic
1540	The Victim
1541	Evening's Empire
1542	Invasion
1543	Drawing Blood
1544	Hart's Hope
1545	Taran Wanderer
1546	The Castle of Llyr
1547	The Phantom of Manhattan
1548	Hunter's Moon
1549	The Staircase
1550	Darwin's Radio
1551	The Normal Heart
1552	Daggerspell
1553	The Tenth Man
1554	A Matter of Honour
1555	Call It Courage
1556	The Witches of Karres
1557	The Light Bearer
1558	Night Probe!
1559	The Burning City
1560	Dragonquest
1561	All the Weyrs of Pern
1562	Miss Wyoming
1563	The Haj
1564	No Promises in the Wind
1565	Warday
1566	The Black Swan
1567	Signal to Noise
1568	The Assistant
1569	Mama Flora's Family
1570	Money
1571	My Pretty Pony
1572	Heavy Weather
1573	Gypsy Rizka
1574	Flight of Eagles
1575	Plowing the Dark
1576	The Restraint of Beasts
1577	The Real Life of Sebastian Knight
1578	Illusions
1579	In the Forests of the Night
1580	Abel's Island
1581	Mansfield Park
1582	Sahara
1583	The Wedding
1584	Chthon
1585	Hunger
1586	Howards End
1587	Sharpe's Rifles
1588	Point of Impact
1589	Pale Horse Coming
1590	Tara Road
1591	Washington Square
1592	Well-Schooled in Murder
1593	Generals Die in Bed
1594	Obasan
1595	The Last Light of the Sun
1596	Bath Tangle
1597	Powder and Patch
1598	The Dante Club
1599	Skinny Legs and All
1600	Destiny's Road
1601	What Maisie Knew
1602	Chesapeake
1603	Paradise
1604	Ladder of Years
1605	The Feast of All Saints
1606	Planet of Judgment
1607	The Blue Sword
1608	A Tale of Two Cities
1609	Plain Truth
1610	Thinner
1611	Peace Breaks Out
1612	Creation
1613	Killobyte
1614	At the Back of the North Wind
1615	Ship of Fools
1616	Violin
1617	The Lorax
1618	The Big Bounce
1619	Balthasar's Odyssey
1620	The Daughter of Time
1621	The Red Tent
1622	Tooth and Claw
1623	The No.1 Ladies' Detective Agency
1624	We Were the Mulvaneys
1625	I Know This Much Is True
1626	Sati
1627	Then Again, Maybe I Won't
1628	Notes of a Native Son
1629	Cannery Row
1630	The Lives of Christopher Chant
1631	The Book of Fours
1632	Oz: Into the Wild
1633	The Penultimate Truth
1634	Songs in Ordinary Time
1635	The Heart of a Woman
1636	She's Come Undone
1637	Where the Heart Is
1638	Midwives
1639	A Map of the World
1640	Vinegar Hill
1641	River, Cross My Heart
1642	The Pilot's Wife
1643	Jewel
1644	Drowning Ruth
1645	Back Roads
1646	Daughter of Fortune
1647	Icy Sparks
1648	The Book of Ruth
1649	The Witching Hour
1650	The Hounds of the Morrigan
1651	The Diary of a Chambermaid
1652	So You Want to Be a Wizard
1653	The Invention of Love
1654	Stark
1655	Chimera
1656	Power of Three
1657	Fugitive Pieces
1658	Dark Lord of Derkholm
1659	The Dogs of War
1660	Norstrilia
1661	Night Train
1662	Big Trouble
1663	Reading Lolita in Tehran: A Memoir in Books
1664	Wizard
1665	Demon
1666	The Book of Ultimate Truths
1667	Surrender the Pink
1668	Decipher
1669	Sidetracked
1670	From Doon With Death
1671	The Perilous Gard
1672	The Dying Animal
1673	The Devil's Arithmetic
1674	This Other Eden
1675	Gateway
1676	The Moon's Shadow
1677	Cosmos
1678	Chasing Redbird
1679	Missing May
1680	The Trumpeter of Krakow
1681	A Grave Talent
1682	The Treatment
1683	Meg: A Novel of Deep Terror
1684	Absolutely Normal Chaos
1685	Stamboul Train
1686	Out of the Shelter
1687	Home Truths: A Novella
1688	Open House
1689	Adolphe
1690	World of Ptavvs
1691	The Worthing Chronicle
1692	Up the Line
1693	Freckle Juice
1694	Martin Dressler: The Tale of an American Dreamer
1695	To Serve Them All My Days
1696	Dancers in Mourning
1697	Flowers for the Judge
1698	Them Bones
1699	Nights at the Circus
1700	Oxygen
1701	Galahad at Blandings
1702	Onion John
1703	Joy in the Morning
1704	From Here to Eternity
1705	Ruled Britannia
1706	The Praise Singer
1707	The Wives of Bath
1708	The Two Princesses of Bamarre
1709	Fingersmith
1710	Moderato Cantabile
1711	The Ear, the Eye, and the Arm
1712	The Ice Harvest
1713	The Sound of the Mountain
1714	Loser
1715	The Haunted Bookshop
1716	There Are Doors
1717	Daddy-Long-Legs
1718	Thousand Cranes
1719	Dragonsinger
1720	The Solitaire Mystery
1721	The Sign of the Beaver
1722	The Walking Drum
1723	The Girl in Blue
1724	Sunset at Blandings
1725	Tar Baby
1726	Demon in My View
1727	Shattered Mirror
1728	Midnight Predator
1729	The Emigrants
1730	The Deed of Paksenarrion
1731	Centaur Aisle
1732	Ogre, Ogre
1733	Dragon on a Pedestal
1734	Roc and a Hard Place
1735	Xone of Contention
1736	The Island
1737	Sister of the Bride
1738	Otis Spofford
1739	Shoeless Joe
1740	Ask the Dust
1741	The Naked Ape
1742	Up a Road Slowly
1743	Not Without Laughter
1744	The Holy
1745	Murphy
1746	Deep Water
1747	The Kindness of Women
1748	Shock
1749	Parable of the Sower
1750	Parable of the Talents
1751	The White Hotel
1752	Finn Family Moomintroll
1753	Moominsummer Madness
1754	The Star Fraction
1755	Harry Kitten and Tucker Mouse
1756	Moominland Midwinter
1757	White Jazz
1758	The Gathering
1759	Kindred
1760	The Thief Lord
1761	Look to the Lady
1762	The Trench
1763	The Fire Rose
1764	The Tale of the Flopsy Bunnies
1765	The Child in Time
1766	Mythago Wood
1767	Lavondyss
1768	The Great War: Breakthroughs
1769	Oh No It Isn't!
1770	Silverwing
1771	The Last Enchantment
1772	Shane
1773	The Shell Seekers
1774	Dust to Dust
1775	Take a Thief
1776	Bad for Business
1777	The Rise of Silas Lapham
1778	A Northern Light
1779	The 13 Clocks
1780	Bones of the Moon
1781	Big Planet
1782	A Long Way from Chicago
1783	Expendable
1784	The Tale of Squirrel Nutkin
1785	The Unconsoled
1786	The Face of the Waters
1787	The Tale of Mrs. Tittlemouse
1788	The Tale of Mrs. Tiggy-Winkle
1789	Sister Alice
1790	Brightly Burning
1791	The Promise
1792	The Tale of Jemima Puddle-Duck
1793	The Tailor of Gloucester
1794	The Tale of Tom Kitten
1795	Gypsy in Amber
1796	Ginger Pye
1797	After the Bomb
1798	The Calcutta Chromosome
1799	Stormbreaker
1800	Pamela
1801	Before Midnight
1802	Postmortem
1803	Everyone in Silico
1804	Firethorn
1805	Hell to Pay
1806	Alta
1807	City of Joy
1808	A Boy's Own Story
1809	The Wicked Day
1810	Teckla
1811	City of the Beasts
1812	A Son Called Gabriel
1813	Dream Children
1814	Jhereg
1815	Icon
1816	Yendi
1817	This Earth of Mankind
1818	Eon
1819	The House of the Seven Gables
1820	The Silence of the Lambs
1821	The Inheritors
1822	Marrow
1823	Plainsong
1824	Cold Mountain
1825	Polaroids from the Dead
1826	Caedmon's Song
1827	The Green Man
1828	The Riders
1829	The Man from St. Petersburg
1830	White Mughals
1831	Fade
1832	Diary of a Drug Fiend
1833	Dream Boy
1834	Point Blanc
1835	The Matarese Countdown
1836	The Descent
1837	Petey
1838	Five Quarters of the Orange
1839	The Broken Vase
1840	The Tree of Hands
1841	Our Friends from Frolix 8
1842	The Haunted Mesa
1843	The Game-Players of Titan
1844	Night Frost
1845	The Stone Carvers
1846	Spindle's End
1847	Catherine, Called Birdy
1848	Allan Stein
1849	The Whipping Boy
1850	Star Surgeon
1851	Star Healer
1852	Counter-Clock World
1853	Mr. Blandings Builds His Dream House
1854	Night Without End
1855	Gregor the Overlander
1856	Earthlight
1857	Billy
1858	Amnesia Moon
1859	Ali and Nino: A Love Story
1860	The Clock Winder
1861	Andersonville
1862	The River
1863	The Mask
1864	Lightning
1865	The Bad Place
1866	Air
1867	From the Corner of His Eye
1868	By the Light of the Moon
1869	Dr. Futurity
1870	Magick Without Tears
1871	Enigma
1872	The Eternal Champion
1873	Green for Danger
1874	The Lost Language of Cranes
1875	The Rag and Bone Shop
1876	Madwand
1877	Barney's Version
1878	Lost City
1879	Hunter
1880	Flashman and the Redskins
1881	The House on the Borderland
1882	Archer's Goon
1883	Double Whammy
1884	In Custody
1885	Iggie's House
1886	Forever
1887	The Return
1888	Flags in the Dust
1889	More Die of Heartbreak
1890	The Da Vinci Code
1891	A Cry in the Night
1892	Edinburgh: A Novel
1893	The Coming Storm
1894	The Manchurian Candidate
1895	Wifey
1896	Smart Women
1897	Corduroy
1898	Death in Holy Orders
1899	The Skull Beneath the Skin
1900	Original Sin
1901	Sweet Danger
1902	Tuck Everlasting
1903	Mid-Flinx
1904	Reunion
1905	Blue Moon
1906	Bloomability
1907	Medicine River
1908	Son of Spellsinger
1909	Chorus Skating
1910	Battledragon
1911	The Country of the Pointed Firs
1912	Obsidian Butterfly
1913	Dragon Ultimate
1914	Toxin
1915	Kissing the Gunner's Daughter
1916	Checkers
1917	Arc Light
1918	Hannibal
1919	Midworld
1920	Cachalot
1921	Voyage to the City of the Dead
1922	Sentenced to Prism
1923	The Howling Stones
1924	Blast from the Past
1925	Taking Lives
1926	If Beale Street Could Talk
1927	Athyra
1928	The Probability Broach
1929	Deep Secret
1930	A Fine Dark Line
1931	Simisola
1932	The Crocodile Bird
1933	Shadows in Bronze
1934	The Veiled One
1935	Woman on the Edge of Time
1936	An Unkindness of Ravens
1937	Forbidden
1938	The Woman in White
1939	The Winter King
1940	Glory Lane
1941	The Killing Doll
1942	Fires of Azeroth
1943	Ordinary Jack
1944	Eight Days of Luke
1945	Hostage
1946	The Cat Ate My Gymsuit
1947	Master of the Moor
1948	The Lake of Darkness
1949	Shake Hands Forever
1950	One Across, Two Down
1951	The Best Man to Die
1952	Wolf to the Slaughter
1953	Vanity Dies Hard
1954	Summer of the Monkeys
1955	Dante's Equation
1956	Family Secrets
1957	Red Dragon
1958	The Dragon Can't Dance
1959	Ancestors of Avalon
1960	The Light Princess
1961	Kiss the Girls
1962	The Osterman Weekend
1963	As the Crow Flies
1964	Jurassic Park
1965	The Lost Boy
1966	The Night Thoreau Spent in Jail
1967	The Butterfly Tattoo
1968	The Front Runner
1969	The Black Book
1970	Man on Fire
1971	Twilight's Child
1972	Psycho
1973	The Hanging Garden
1974	Resurrection Men
1975	A Question of Blood: An Inspector Rebus Novel
1976	Witch Hunt
1977	The Talented Mr. Ripley
1978	The Professor of Desire
1979	Forty Thousand in Gehenna
1980	Space Station Seventh Grade
1981	To Reign in Hell
1982	The Black Moth
1983	To Play the Fool
1984	With Child
1985	A Monstrous Regiment of Women
1986	Presumed Innocent
1987	Rimrunners
1988	Merchanter's Luck
1989	Lost
1990	The Secret World of Og
1991	Jack Maggs
1992	After the First Death
1993	Cuckoo's Egg
1994	The Twenty-Seventh City
1995	Parallelities
1996	What Dreams May Come
1997	Stalking the Unicorn
1998	Charlotte Gray
1999	The Night Listener
2000	The Arrangement
2001	The Book of Abraham
2002	The Art of Dreaming
2003	The Last Unicorn
2004	The Outpost
2005	Diplomatic Immunity
2006	The Beast Master
2007	The Howling
2008	Sten
2009	Big Fish: A Novel of Mythic Proportions
2010	When the Wind Blows
2011	The Mocking Program
2012	Inca Gold
2013	Valhalla Rising
2014	Stolen
2015	Next of Kin
2016	The Lion's Game
2017	The Great War: Walk in Hell
2018	The Voyage Out
2019	Spadework
2020	Sweet Silver Blues
2021	Old Tin Sorrows
2022	Red Iron Nights
2023	Deadly Quicksilver Lies
2024	Tex
2025	When Heaven Fell
2026	A Rumor of War
2027	Till Death Do Us Part
2028	Alive: The Story of the Andes Survivors
2029	The Armageddon Inheritance
2030	The Seeing Stone
2031	Someone Like You
2032	The Cosmic Puppets
2033	Amongst Women
2034	Bel Canto
2035	The Last of the Wine
2036	Ramona the Brave
2037	Ellen Tebbits
2038	Jumper
2039	Fool on the Hill
2040	Good News, Bad News
2041	Out
2042	The Gift of Asher Lev
2043	Fear and Loathing in Las Vegas
2044	Davita's Harp
2045	The Baron in the Trees
2046	Edenborn
2047	Dicey's Song
2048	Invincible Louisa
2049	Lives of the Saints
2050	Whale Song
2051	An Old Captivity
2052	The War in 2020
2053	The Cocktail Party
2054	Cover Her Face
2055	Freedomland
2056	Green Rider
2057	Flesh and Blood
2058	The Blunderer
2059	If Only It Were True
2060	The Inscrutable Americans
2061	An Acceptable Time
2062	Ramona Quimby, Age 8
2063	Catalyst
2064	Berlin Game
2065	In the Beauty of the Lilies
2066	Ramona Forever
2067	Pentagon
2068	Jessica
2069	The Great Indian Novel
2070	Heavy Weather
2071	Gallows Hill
2072	The Keep
2073	Reborn
2074	Nightworld
2075	The Keep
2076	Red Thunder
2077	The Silver Wolf
2078	The Computer Connection
2079	An Arrow's Flight
2080	The Magicians of Caprona
2081	The Second Confession
2082	The 25th Hour
2083	The Gift
2084	The Goblin Mirror
2085	The Art of Seduction
2086	The Family Markowitz
2087	Beowulf's Children
2088	The Psychopathic God: Adolf Hitler
2089	Runaway Ralph
2090	The Amen Corner
2091	A Conspiracy of Paper: A Novel
2092	Mexico Set
2093	London Match
2094	Spy Hook
2095	Spy Line
2096	Spy Sinker
2097	The Second Angel
2098	Star of the Sea
2099	Three Hearts and Three Lions
2100	The Education of Little Tree
2101	Kaleidoscope
2102	Dogsbody
2103	Dance Hall of the Dead
2104	The Hoboken Chicken Emergency
2105	Pedagogy of the Oppressed
2106	Bones of the Earth
2107	The Growing Pains of Adrian Mole
2108	Adrian Mole: The Cappuccino Years
2109	All She Was Worth
2110	The Piano Tuner
2111	Father of Frankenstein
2112	The Ruby in the Smoke
2113	Reading in the Dark
2114	Are You My Mother?
2115	Bastard Out of Carolina
2116	The Stress of Her Regard
2117	The Shepherd of the Hills
2118	Joe Gould's Secret
2119	Was
2120	Black Light
2121	Vixen 03
2122	Listening Woman
2123	Night of the Werewolf
2124	The Ladies of Missalonghi
2125	The Skies of Pern
2126	The Dolphins of Pern
2127	Sharpe's Devil
2128	Nymphomation
2129	The Doll People
2130	The Winter Queen
2131	Skinwalkers
2132	The Icarus Hunt
2133	Sporting Chance
2134	Prayers to Broken Stones
2135	Winning Colors
2136	In the Ocean of Night
2137	Hunting Party
2138	Heirs of Empire
2139	Against the Odds
2140	If I Die in a Combat Zone: Box Me Up and Ship Me Home
2141	One, Two, Buckle My Shoe
2142	Witch Week
2143	Castle in the Air
2144	The Thief
2145	The Alchemist
2146	The Girl at the Lion D'or
2147	Dead Girls
2148	The Grass Crown
2149	Sorcerer's Son
2150	Any Human Heart
2151	The Crystal Palace
2152	The Class
2153	Encounters with the Archdruid
2154	Strands of Starlight
2155	The Story of Lucy Gault
2156	Maze of Moonlight
2157	Shroud of Shadow
2158	Strands of Sunlight
2159	The Magic City
2160	Emergence
2161	Still Life with Crows
2162	Conquistador
2163	Cat and Mouse
2164	The Brothers K
2165	Legion
2166	Dead Boys
2167	The Little House
2168	Some Buried Caesar
2169	The Black Unicorn
2170	The Talismans of Shannara
2171	A Knight of the Word
2172	Sunshine
2173	A Glass of Blessings
2174	Champagne for One
2175	Touch Not the Cat
2176	Not the End of the World
2177	In High Places
2178	Crampton Hodnet
2179	Flipped
2180	Storming Heaven
2181	Koko
2182	A Suitable Boy
2183	A Land Remembered
2184	The Clue in the Crumbling Wall
2185	Treasure
2186	The Hallo-Wiener
2187	Breakfast at Tiffany's
2188	First Blood
2189	Ordinary People
2190	The Sorrow of Belgium
2191	Battlefield Earth
2192	Toward the End of Time
2193	Knight Life
2194	Celestial Matters
2195	Deryni Rising
2196	Summer
2197	Meet the Austins
2198	Sixth Grade Secrets
2199	The Great Gilly Hopkins
2200	High Deryni
2201	The Changeling
2202	The Black Prince
2203	Moth Smoke
2204	As I Walked Out One Midsummer Morning
2205	Island in the Sea of Time
2206	Resurrection Day
2207	Blood and Guts in High School
2208	Green Thumb
2209	A Body in the Bath House
2210	The Damnation Game
2211	English Passengers
2212	The Transall Saga
2213	Peony
2214	Loser Takes All
2215	The Wonderful Flight to the Mushroom Planet
2216	Amaryllis Night and Day
2217	A Woman of Substance
2218	The Stones of Summer
2219	Eucalyptus
2220	The Bull from the Sea
2221	Love Medicine
2222	Journey to the River Sea
2223	The Landry News
2224	Mouse Soup
2225	The Shadow in the North
2226	The Tiger in the Well
2227	The Tin Princess
2228	Phoenix
2229	Orca
2230	Dragon
2231	Wringer
2232	A Corner of the Universe
2233	Over My Dead Body
2234	San Andreas
2235	That Summer
2236	When They Lay Bare
2237	The Years
2238	The Sculptress
2239	Snail Mail No More
2240	Eleven Kids, One Summer
2241	Killer on the Road
2242	King Kelson's Bride
2243	Kaaterskill Falls
2244	The Skinner
2245	Wolfskin
2246	Prisoner's Base
2247	The Moth Diaries
2248	In the King's Service
2249	Le lion
2250	Finite and Infinite Games
2251	Nothing But Blue Skies
2252	Black Water
2253	Gambit
2254	Under the Skin
2255	The Third Twin
2256	Body of Evidence
2257	From Potter's Field
2258	Unnatural Exposure
2259	Danny and the Dinosaur
2260	Space Viking
2261	The Wounded Land
2262	John Henry Days
2263	Zombie
2264	Death du Jour
2265	Thumbsucker
2266	Thirst for Love
2267	Harold and the Purple Crayon
2268	A House Like a Lotus
2269	Slowness
2270	Brain
2271	A Girl Named Disaster
2272	The Egypt Game
2273	One Child
2274	Fever 1793
2275	Ghost Story
2276	Pegasus in Space
2277	Tracks
2278	Tea with the Black Dragon
2279	The Little White Horse
2280	North and South
2281	Hawk of May
2282	Kingdom of Summer
2283	The Abortion: An Historical Romance 1966
2284	The Fashion in Shrouds
2285	Awake and Dreaming
2286	The Cobra Event
2287	Benny and Omar
2288	The Death of Artemio Cruz
2289	My Louisiana Sky
2290	Vital Signs
2291	Dead Famous
2292	Anastasia, Ask Your Analyst
2293	Fatal Cure
2294	Acceptable Risk
2295	Moreta: Dragonlady of Pern
2296	Dragonsdawn
2297	The Farming of Bones
2298	My Side of the Mountain
2299	Burger's Daughter
2300	Meridian
2301	The Kitchen God's Wife
2302	Brown Girl, Brownstones
2303	NP
2304	You Can't Go Home Again
2305	Mary Reilly
2306	The Emigrants
2307	Unto a Good Land
2308	The Antipope
2309	Pop Goes the Weasel
2310	Foxmask
2311	The Man Who Never Missed
2312	Swastika Night
2313	Sacred Clowns
2314	The Optimist's Daughter
2315	Conan the Rebel
2316	The Information
2317	The Coma
2318	Wren to the Rescue
2319	The Warriors
2320	The Sea Fairies
2321	Jaws
2322	Half a Life
2323	Sky Island
2324	The Financier
2325	Pilgermann
2326	The Yearling
2327	The Animals of Farthing Wood
2328	The Enchanted Island of Yew
2329	Strong Medicine
2330	Tangerine
2331	Thunder Cave
2332	Funeral Games
2333	Wheelers
2334	The Legend That Was Earth
2335	Ascending
2336	Fat City
2337	Pulp
2338	The Boy Who Reversed Himself
2339	The Ice People
2340	The House in Paris
2341	Whale Talk
2342	Four Blind Mice
2343	A Touch of Frost
2344	Between the Acts
2345	Frost at Christmas
2346	Remnant Population
2347	The Godwulf Manuscript
2348	The Custom of the Country
2349	Dragonseye
2350	Couples
2351	Hunted
2352	Little Women
2353	Silk
2354	The Serpent's Shadow
2355	July's People
2356	Kiss of the Spider Woman
2357	Echo
2358	Wayside School is Falling Down
2359	Damia's Children
2360	The Russian Debutante's Handbook
2361	The Great Santini
2362	Green Angel
2363	Feeling Sorry for Celia
2364	A Fairly Honourable Defeat
2365	The Tale of Benjamin Bunny
2366	Lady of Quality
2367	Cousin Kate
2368	The Nonesuch
2369	Frederica
2370	Christy
2371	Software
2372	Much Ado About Nothing
2373	Wetware
2374	On Wings of Song
2375	Trapped
2376	Caesar
2377	When the Bough Breaks
2378	Empire Falls
2379	The Secret of Platform 13
2380	The Jupiter Myth
2381	Prater Violet
2382	Pilgrim at Tinker Creek
2383	The Second Generation
2384	Grace Notes
2385	The London Merchant
2386	Last Man Standing
2387	Lammas Night
2388	Vigilant
2389	The Sentinel
2390	The Centurion's Empire
2391	The Miocene Arrow
2392	The Innocent
2393	Flight of the Old Dog
2394	Across Five Aprils
2395	The Jane Austen Book Club
2396	Rewind
2397	The Cat Who Could Read Backwards
2398	Madeline's Rescue
2399	The Ramsay Scallop
2400	Tarzan's Quest
2401	The Ice House
2402	When Hitler Stole Pink Rabbit
2403	Ribsy
2404	Fatherland
2405	Cut
2406	The Scold's Bridle
2407	The Echo
2408	The Shape of Snakes
2409	The Dragon Knight
2410	The Fairy Godmother
2411	Affinity
2412	The Tiger in the Smoke
2413	A House Divided
2414	The Wailing Wind
2415	Beezus and Ramona
2416	The Anatomy Lesson
2417	Moominpappa at Sea
2418	Moominvalley in November
2419	Gallows Thief
2420	An Acquaintance with Darkness
2421	The Book about Moomin, Mymble and Little My
2422	The Tale of Two Bad Mice
2423	A Taste for Death
2424	Surviving the Applewhites
2425	The Girl Next Door
2426	Ratking
2427	A Long Finish: An Aurelio Zen Mystery
2428	Year of Wonders
2429	Beasts
2430	The Last September
2431	Vicky Angel
2432	Shabanu: Daughter of the Wind
2433	The Counterlife
2434	A Cold Case
2435	Math Curse
2436	Fortune's Rocks: A Novel
2437	Sea Glass
2438	Sleeping in Flame
2439	Swords of Mars
2440	A Long Fatal Love Chase
2441	One Virgin Too Many
2442	Ode to a Banker
2443	The World in the Evening
2444	The School Story
2445	e
2446	Jane of Lantern Hill
2447	Killing Floor
2448	Die Trying
2449	Caesar's Women
2450	Havana Bay
2451	Running Blind
2452	Echo Burning
2453	Without Fail
2454	The Bug Wars
2455	Tripwire
2456	Biko
2457	The League of Frightened Men
2458	The Red Box
2459	Black Orchids
2460	Too Many Women
2461	Midnight at the Well of Souls
2462	Dark Prince
2463	Middle Age: A Romance
2464	Omon Ra
2465	Woodsong
2466	The Falling Woman
2467	Murder by the Book
2468	Radiant
2469	The Poet
2470	Daisy Fay and the Miracle Man
2471	Three Witnesses
2472	Kolymsky Heights
2473	Master of the Five Magics
2474	Aggressor Six
2475	If Death Ever Slept
2476	Midaq Alley
2477	The Moneychangers
2478	The Last Defender of Camelot
2479	Sometimes a Great Notion
2480	The Door in the Lake
2481	The Eye of the Heron
2482	Under the Hawthorn Tree
2483	Plot It Yourself
2484	Too Many Clients
2485	Neverwhere
2486	Paula
2487	The Janitor's Boy
2488	A Week in the Woods
2489	Confessions of a Teenage Drama Queen
2490	The Princess Diaries
2491	The Comfort of Strangers
2492	The Last Precinct
2493	Enduring Love
2494	The Cat Who Went Underground
2495	The Man Who Loved Cat Dancing
2496	The Cat Who Saw Red
2497	Shadow Game
2498	Peter Pan
2499	Candle
2500	The Coldest Winter Ever
2501	The Dark Secret of Weatherend
2502	Gallows View
2503	Mind Transfer
2504	Nimitz Class
2505	Lair of the Lion
2506	Dinosaur Summer
2507	The A-List
2508	Election
2509	Hrolf Kraki's Saga
2510	Curious George Flies a Kite
2511	Dreamside
2512	The Cat Who Played Brahms
2513	The Great Pursuit
2514	Aquamarine
2515	Phantom Lady
2516	Dark Gold
2517	Dark Magic
2518	How the Dead Live
2519	Flashforward
2520	To Live Forever
2521	Peace Like a River
2522	Aura
2523	Little House in the Big Woods
2524	Blow Fly
2525	Homecoming
2526	The Statement
2527	Dies the Fire
2528	Kiss the Dust
2529	The Dead Zone
2530	Moo
2531	Tales of the City
2532	More Tales of the City
2533	Significant Others
2534	Sure of You
2535	Mind Game
2536	Hunting Mister Heartbreak: A Discovery of America
2537	Five Are Together Again
2538	No Telephone to Heaven
2539	Steel Beach
2540	Each Man's Son
2541	Monkey Bridge
2542	L.A. Confidential
2543	Dark Challenge
2544	An Ice-Cream War
2545	Armadillo
2546	The Blue Afternoon
2547	Somewhere in Time
2548	Dark Fire
2549	The Free Lunch
2550	The Excalibur Alternative
2551	Bread Givers
2552	Promised Land
2553	The Wood Beyond the World
2554	IBM and the Holocaust: The Strategic Alliance between Nazi Germany and America's Most Powerful Corporation
2555	Mandragora
2556	The Last Sin Eater
2557	The Dot
2558	Oath of Swords
2559	Silence
2560	Empress Orchid
2561	True Grit
2562	A Necessary End
2563	Past Reason Hated
2564	Wednesday's Child
2565	Innocent Graves
2566	In a Dry Season
2567	Homo faber
2568	The Bourne Ultimatum
2569	The Proteus Operation
2570	Evening Class
2571	Quentins
2572	The Shape of Water
2573	Scarlet Feather
2574	Skinner's Rules
2575	Eva Luna
2576	The Iron Ring
2577	People of the Wolf
2578	Briar Rose
2579	Sons from Afar
2580	Spider Kiss
2581	Dogland
2582	The Cat Who Wished to Be a Man
2583	Anthills of the Savannah
2584	Frisk
2585	On the Banks of Plum Creek
2586	Rainforest
2587	The Third Life of Grange Copeland
2588	The Hand in the Glove
2589	The Mountain Cat Murders
2590	The Empty Chair
2591	Descent into Hell
2592	Grania: She-King of the Irish Seas
2593	The Contortionist's Handbook
2594	Kiss Me, Judas
2595	Penny Dreadful
2596	Burndive
2597	Skinnybones
2598	Bitter Lemons
2599	The Ministry of Fear
2600	Ecotopia Emerging
2601	Kingdom of Shadows
2602	Touching Spirit Bear
2603	Yellow Dog
2604	Compulsion
2605	The Circuit: Stories from the Life of a Migrant Child
2606	Touch Me
2607	A Right to Die
2608	Breakheart Pass
2609	Void Moon
2610	The Crystal Frontier
2611	Babyhood
2612	Oyster
2613	The Other Ones
2614	The Hollow Man
2615	Island
2616	Blood Games
2617	Web of the City
2618	Prophecy: Child of Earth
2619	Ballet Shoes
2620	Voice of the Whirlwind
2621	Fire Bringer
2622	The Masked Rider: Cycling in West Africa
2623	The Sweet Dove Died
2624	Possessing the Secret of Joy
2625	The Mystic Masseur
2626	The Bastard
2627	Shopgirl
2628	Scruples
2629	If You Could See Me Now
2630	Little Town on the Prairie
2631	Back Home
2632	Picture Perfect
2633	Spangle
2634	Term Limits
2635	City of Bones
2636	A Darkness More Than Night
2637	The Black Echo
2638	Dragonfire
2639	Dawn Wind
2640	Midnight's Lair
2641	Tomcat in Love
2642	Pollen
2643	Witch World
2644	All Passion Spent
2645	A Family Affair
2646	Morality Play
2647	Man Crazy
2648	Athabasca
2649	Quite Ugly One Morning
2650	Native Tongue
2651	The Sterkarm Handshake
2652	Lost Light
2653	Blood Work
2654	Salem Falls
2655	The Flame and the Flower
2656	Illegal Alien
2657	Yonnondio: From the Thirties
2658	Desert of the Heart
2659	Soul Circus
2660	A Man of the People
2661	A Drink Before the War
2662	Letter from Peking
2663	Light a Penny Candle
2664	A Bell for Adano
2665	Lives of the Monster Dogs
2666	The Physician
2667	Darkness, Tell Us
2668	Dark Melody
2669	Just One Look
2670	The Fortunate Fall
2671	Gringo Viejo
2672	Putting on the Ritz
2673	Chasing the Dime
2674	Dreamland
2675	The Fairy Gunmother
2676	Emily Climbs
2677	Polymorph
2678	Homebody
2679	Stone Tables
2680	Saints
2681	Redeeming Love
2682	The Edge
2683	Harlequin
2684	Venus
2685	Dragonsbane
2686	Brat Farrar
2687	Dave at Night
2688	The Ice Limit
2689	Jennie
2690	Brotherhood of the Rose
2691	Blink
2692	Black
2693	1st to Die
2694	The Unicorn Girl
2695	Monster
2696	Our Twisted Hero
2697	Finding Myself
2698	Freehold
2699	Two Old Women
2700	Among the Missing
2701	Floodgate
2702	The Documents in the Case
2703	Nightwing
2704	The Great Elephant Chase
2705	Inventing Elliot
2706	The Bloody Red Baron
2707	Anno Dracula
2708	The Road to Omaha
2709	Girl in Landscape
2710	Deep Fathom
2711	Forrest Gump
2712	Chocolate Fever
2713	Bird Girl and the Man Who Followed the Sun
2714	The Golden Road
2715	Calculating God
2716	Cold Heaven
2717	Circle of Friends
2718	The Prince and the Pilgrim
2719	Hard Love
2720	One Fine Day in the Middle of the Night
2721	My Legendary Girlfriend
2722	The Cry of the Owl
2723	I Know What You Did Last Summer
2724	La Petite Fadette
2725	Traveller
2726	Troll Fell
2727	Venus with Pistol
2728	Word of Honor
2729	Mayday
2730	The Forgotten Beasts of Eld
2731	Just Above My Head
2732	Tell Me How Long the Train's Been Gone
2733	Blues for Mister Charlie
2734	The Salt Roads
2735	Trumpet
2736	Gloriana
2737	The Vor Game
2738	Jane and Prudence
2739	Eat a Bowl of Tea
2740	Portrait in Sepia
2741	Friday Night Lights: A Town, a Team, and a Dream
2742	Gangster
2743	Goodbye California
2744	To Kill the Potemkin
2745	Dragon of the Lost Sea
2746	Dragon Steel
2747	The Firework-Maker's Daughter
2748	Now and Forever
2749	Ender's Game
2750	Hexwood
2751	The Last Jew
2752	The Man Who Could Not Shudder
2753	Jason and Marceline
2754	Fine Things
2755	Mixed Blessings
2756	The Jester
2757	Silent Honor
2758	Parnassus on Wheels
2759	Singularity
2760	The Witch of the Low Tide
2761	2nd Chance
2762	Cinna
2763	Wyatt's Hurricane
2764	Running Blind
2765	The Enemy
2766	Socks
2767	Son of the Mob
2768	The Gates of Sleep
2769	Nightwings
2770	Sunset in St. Tropez
2771	Wish You Well
2772	Biting the Sun
2773	Shutter Island
2774	The Glass Palace: A Novel
2775	Man and Boy
2776	On Wings of Eagles
2777	Flyaway
2778	Good Morning, Midnight
2779	The Cat Who Knew a Cardinal
2780	The Cat Who Tailed a Thief
2781	Wiseguy
2782	The Master Key
2783	The Eagle Has Flown
2784	Queen of Camelot
2785	Native Speaker
2786	The Green Knight
2787	Gents
2788	A Live Coal in the Sea
2789	Ashes to Ashes
2790	Gather Together in My Name
2791	The Danish Girl
2792	All That Glitters
2793	Hedwig and the Angry Inch
2794	Pretend You Don't See Her
2795	Bad Land: An American Romance
2796	The Cancer Journals
2797	Dogeaters
2798	Lilith: A Snake in the Grass
2799	The White Gryphon
2800	Crossing the River
2801	Union Street
2802	The Five Chinese Brothers
2803	Brown Girl in the Ring
2804	Dragons of Summer Flame
2805	Midnight Robber
2806	Enchantress from the Stars
2807	I Is for Innocent
2808	J Is for Judgment
2809	L Is for Lawless
2810	M Is for Malice
2811	O Is for Outlaw
2812	Blue Light
2813	Waking the Moon
2814	Rainbow Boys
2815	Rainbow High
2816	A Thousand Country Roads
2817	Conan the Defender
2818	Shanghai Baby
2819	Saving Faith
2820	Loitering with Intent
2821	The Saturdays
2822	A Year in Provence
2823	Great Sky River
2824	Klingsor's Last Summer
2825	The Girls of Slender Means
2826	Last Bus to Woodstock
2827	One L
2828	The Laws of Our Fathers
2829	Personal Injuries
2830	No Second Chance
2831	Final Blackout
2832	Midnight's Choice
2833	The Unexpected Guest
2834	Daniel's Story
2835	Spider's Web
2836	Which Witch?
2837	Remember Me
2838	Indian Killer
2839	The Big Wave
2840	Prayers for Rain
2841	Floating Dragon
2842	The Cloning of Joanna May
2843	Flower Net
2844	The Interior
2845	A Single Man
2846	The Fermata
2847	Lucy Sullivan Is Getting Married
2848	Keeping the Moon
2849	Cereus Blooms at Night
2850	Run Before the Wind
2851	Chiefs
2852	Flowers for Algernon
2853	Capital Crimes
2854	Too Loud a Solitude
2855	Chances
2856	Brokedown Palace
2857	Lady Boss
2858	The Lone Star Ranger
2859	Sasquatch
2860	Let Freedom Ring: Winning the War of Liberty over Liberalism
2861	Return to Mars
2862	Firebird
2863	Pagan Babies
2864	Cause Celeb
2865	Against the Tide of Years
2866	Stop the Train
2867	Potshot
2868	Child of the Northern Spring
2869	Understood Betsy
2870	The Bell
2871	Dead Cert
2872	The Starless World
2873	Dear Mr. Henshaw
2874	I Want to Go Home
2875	Waiting for the Galactic Bus
2876	The Soft Whisper of the Dead
2877	Threshold
2878	Widow's Walk
2879	Foxfire: Confessions of a Girl Gang
2880	Grail Prince
2881	Virtually Normal: An Argument About Homosexuality
2882	Crusader
2883	Focus
2884	Shadowland
2885	Bad Business
2886	Beauty: A Retelling of the Story of Beauty and the Beast
2887	Soul Mountain
2888	My Brother Michael
2889	Immortality
2890	The Outlaws of Sherwood
2891	Harvesting the Heart
2892	The Remorseful Day
2893	The Forever King
2894	Accident
2895	Swords and Deviltry
2896	The Ox-Bow Incident
2897	Century
2898	Foreigner
2899	The Stranger Beside Me
2900	Two Bad Ants
2901	The Vulcan Academy Murders
2902	Uhura's Song
2903	The Murder Book
2904	Mad River
2905	My Place
2906	Practical Magic
2907	The Gospel According to the Son
2908	The Masks of Time
2909	Nobody's Baby But Mine
2910	Sacred
2911	The False Inspector Dew
2912	The Four-Story Mistake
2913	Return to Gone-Away
2914	And Then There Were None
2915	Automated Alice
2916	Atlas Shrugged
2917	Peter Pan
2918	Death in the Andes
2919	Last Seen Wearing
2920	Service of All the Dead
2921	Ranks of Bronze
2922	Death Is Now My Neighbour
2923	The Daughters of Cain
2924	Ramage
2925	The Mermaids Singing
2926	Fifteen
2927	Gone, Baby, Gone
2928	A Pinch of Snuff
2929	Wycliffe's Wild Goose Chase
2930	A Mind to Murder
2931	The Bloody Sun
2932	Star of Danger
2933	Three to See the King
2934	Iliad
2935	Girls in Love
2936	Other Bells for Us to Ring
2937	The Apprentice
2938	The Lions of Lucerne
2939	The Sound of One Hand Clapping
2940	The Longest Memory
2941	Lolita
2942	The Cat Who Talked Turkey
2943	The Garden of the Gods
2944	The Cat Who Brought Down the House
2945	The Third Option
2946	Expiration Date
2947	Cecily G. and the Nine Monkeys
2948	The Sky Is Falling
2949	Omega
2950	Those Who Walk Away
2951	The Earth, My Butt, and Other Big Round Things
2952	Winterdance: The Fine Madness of Running the Iditarod
2953	The Winds of Darkover
2954	The Two Faces of January
2955	The Children's Bach
2956	A Walk to Remember
2957	Nights in Rodanthe
2958	The Great Ghost Rescue
2959	Storm Catchers
2960	Policeman Bluejay
2961	Five Go to Billycock Hill
2962	Return of the Brute
2963	Final Curtain
2964	The Master Puppeteer
2965	Park's Quest
2966	The Kill Artist
2967	Up in the Air
2968	The Immigrants
2969	Song of Kali
2970	The English Assassin
2971	Kate Remembered
2972	Tamsin
2973	Lost in the Barrens
2974	No More Dead Dogs
2975	You'll Never Eat Lunch in This Town Again
2976	The Informer
2977	Sam's Letters to Jennifer
2978	Curious George Goes to the Hospital
2979	The Cost of Discipleship
2980	The Confessor
2981	Kinflicks
2982	Day of Reckoning
2983	River Boy
2984	Separation of Power
2985	The Hacker and the Ants
2986	The Lost World
2987	Code to Zero
2988	I'm the King of the Castle
2989	Dogzilla
2990	Winter
2991	The River Why
2992	Other People
2993	Dead to the World
2994	The Changeover: A Supernatural Romance
2995	The Dressmaker
2996	The Judas Goat
2997	Waking the Dead
2998	Something Borrowed
2999	Gaia's Toys
3000	A Civil Action
3001	The Colour
3002	A Fringe of Leaves
3003	Superstitious
3004	Fadeout
3005	Red Moon and Black Mountain
3006	Merlin's Ring
3007	Green Grass, Running Water
3008	Therapy
3009	Rose
3010	River God
3011	Prodigal Summer: A Novel
3012	Jewels
3013	Singin' and Swingin' and Gettin' Merry Like Christmas
3014	Young Pioneers
3015	Saffy's Angel
3016	Push
3017	The Prince of Tides
3018	Winter Rose
3019	The Book of Atrix Wolfe
3020	Death of a Blue Movie Star
3021	How the Grinch Stole Christmas!
3022	A Semester in the Life of a Garbage Bag
3023	High Citadel
3024	The Spoilers
3025	The Freedom Trap
3026	Mindplayers
3027	Breaking Point
3028	Skin Tight
3029	The Charioteer
3030	Hush Little Baby
3031	As You Like It
3032	Nineteen Eighty-Four
3033	The Tempest
3034	Generation X: Tales for an Accelerated Culture
3035	Winter Hawk
3036	A Faint Cold Fear
3037	Kingdoms of the Wall
3038	Fight Club
3039	Servant of the Dragon
3040	The Cater Street Hangman
3041	The Business of Dying
3042	The Millionaire Mind
3043	A Dubious Legacy
3044	A Catskill Eagle
3045	Martian Time-Slip
3046	A Sensible Life
3047	The Guardian
3048	The Depths of Time
3049	An Imaginative Experience
3050	Three Dollars
3051	The Stolen Lake
3052	The Cry of the Halidon
3053	A Child Is Born
3054	The Storyteller
3055	New York Dead
3056	Dead in the Water
3057	My Darling, My Hamburger
3058	Breaking and Entering
3059	In the Forests of Serre
3060	The Battle for God
3061	Blu's Hanging
3062	Face
3063	Flight of the Intruder
3064	City of Light
3065	Confessions of a Teenage Baboon
3066	Sostiene Pereira
3067	A Sport of Nature
3068	Calico Bush
3069	Indian Captive: The Story of Mary Jemison
3070	Fog Magic
3071	Born Blue
3072	Death in Paradise
3073	Good in Bed
3074	Swords and Ice Magic
3075	The Knight and Knave of Swords
3076	Crystal
3077	Miracle in Seville
3078	Pastime
3079	Seedfolks
3080	Song for the Basilisk
3081	The Autobiography of Malcolm X
3082	A Change of Climate
3083	Letters from the Inside
3084	Perchance to Dream
3085	The Running Man
3086	Hearts Aflame
3087	Darkness, Take My Hand
3088	Symposium
3089	Walking Shadow
3090	The Copper Elephant
3091	Glitz
3092	Freaky Green Eyes
3093	Ashling
3094	Necroscope
3095	The Carnal Prayer Mat
3096	Thin Air
3097	Truman
3098	The Castle in the Attic
3099	Fasting, Feasting
3100	The Interpreter
3101	The Very Persistent Gappers of Frip
3102	Don't Look Behind You
3103	The Fellowship of the Ring
3104	Split Images
3105	The Hunted
3106	The Borrowers Afield
3107	In the Labyrinth
3108	East of the Mountains
3109	The Bronze Horseman
3110	The New Confessions
3111	The Silmarillion
3112	Pronto
3113	Portrait in Death
3114	Donnie Brasco: My Undercover Life in the Mafia
3115	The Feather Men
3116	Warlock
3117	Back Story
3118	Madonna: An Intimate Biography
3119	I'll Be There
3120	Eternity Road
3121	Nine Coaches Waiting
3122	Amelia Bedelia
3123	The Daydreamer
3124	The Embarrassment of Riches: An Interpretation of Dutch Culture in the Golden Age
3125	The Crucible of Time
3126	The Corrections
3127	Conjure Wife
3128	Don't Forget the Bacon!
3129	With the Lightnings
3130	The Gifts of the Body
3131	Refuge: An Unnatural History of Family and Place
3132	Abduction
3133	Second Skin
3134	Codex
3135	Orion in the Dying Time
3136	Curious George Gets a Medal
3137	Turning Thirty
3138	Grass
3139	The Apocalypse Troll
3140	In Chancery
3141	Theory of War
3142	Riotous Assembly
3143	Millroy the Magician
3144	A Civil Campaign
3145	We Have Always Lived in the Castle
3146	The Virgin and the Gypsy
3147	Soul Catcher
3148	Britons: Forging the Nation 1707-1837
3149	Wyrms
3150	A Raisin in the Sun
3151	The Family Arsenal
3152	The Borrowers Avenged
3153	Below the Root
3154	And All Between
3155	The Nanny
3156	Cherokee Bat and the Goat Guys
3157	Missing Angel Juan
3158	Caucasia
3159	Mirror Dance
3160	Welcome to Higby
3161	All God's Children Need Traveling Shoes
3162	A Song Flung Up to Heaven
3163	In Praise of the Stepmother
3164	Blackberry Wine
3165	Madonna
3166	Maisie Dobbs
3167	Who Will Run the Frog Hospital?
3168	You Don't Know Me
3169	The Paperboy
3170	The Tower at Stony Wood
3171	Asylum
3172	An Evening of Long Goodbyes
3173	The War of the Worlds
3174	The Cutting Room
3175	Baby-Sitting Is a Dangerous Job
3176	The Borrowers Afloat
3177	Freedom
3178	The Return of the Soldier
3179	Blanche on the Lam
3180	Mother of Storms
3181	Deerskin
3182	M. Butterfly
3183	Dinosaur Planet Survivors
3184	Brothers in Arms
3185	Ingenious Pain
3186	Oxygen
3187	Bitter Blood
3188	Blitzcat
3189	Shuttlecock
3190	Turbulent Priests
3191	Child of Fortune
3192	Gates of Paradise
3193	Remote Control
3194	The Simpsons: A Complete Guide to Our Favorite Family
3195	Transfer of Power
